Target,MAE,RMSE,R²,Accuracy (%)
Total ROI (%),0.0002021227770352779,0.0011229435388688703,0.9997002435502833,96.74377747093523
Cap Rate (%),0.0006551684892810188,0.0015111432853280808,0.9998791806926952,99.05131951985786
Annual Cash Flow,0.00035013964548992786,0.001208930111427621,0.9999392116368916,98.73124195399049
